Department ,Programme ,Shift,Staff Incharge,Course Title,Course Code
ARTIFICIAL INTELLIGENCE,PG,Shift 2,C.MOHANRAJA,Research Writing,25PAI2SL02
ARTIFICIAL INTELLIGENCE,UG,Shift 2,Dr. S. LAKSHMANAN,Python for Data Science,25UAI24SL01
B. COM BUSINESS ANALYTICS,UG,Shift 2,Santhosh,Applied Digital Entrepreneurship ,25UCB24SL01
B. COM HONOURS,UG,Shift 2,G Prabhakaran,Digital Marketing in the AI Era-Part 1,25UCR24SL01
B. COM STRATEGIC FINANCE,UG,Shift 2,Dr. V. Sagaya Pricilla,Digital Marketing in the AI Era-Part 1,25UCF24SL01
BIOCHEMISTRY,PG,Shift 2,Dr P G GEEGI,Fundamentals of plant pathology,25PBI2SL02
BIOTECHNOLOGY,PG,Shift 2,Dr.C.Muthusamy,Bioreactors,25PBT2SL02
BIOTECHNOLOGY,UG,Shift 2,Dr Agnes Preethy H,ANIMAL WASTE MANAGEMENT,25UBT24SL01
BOTANY,UG,Shift 1,Dr. Johny Kumar Tagore A,ANATOMY OF FLOWERING PLANTS,25UBO24SL01
BUSINESS ADMINISTRATION,UG,Shift 2,ANANDA RAJ B,Entrepreneurship Skills and Digital Marketing Strategies,25UBU24SL01
BUSINESS ADMINISTRATION,UG,Shift 2,SINDHUJA P,Entrepreneurship Skills and Digital Marketing Strategies,25UBU24SL01
CHEMISTRY,PG,Shift 1,Dr Ceril Jeoffrey A,Nanotechnology,25PCH2SL02
CHEMISTRY,PG,Shift 2,Dr.P.Arockia Doss,Nano Materials-synthesis properties and applications,25PCH2SL02
CHEMISTRY,UG,Shift 1,Dr Arun Viveke A Dr Arockiaraj I,II UG - Nanotechnology,25UCH24SL01
CHEMISTRY,UG,Shift 1,Dr Mangalraj Dr Leo Standly,II UG - Nanotechnology,25UCH24SL01
COMMERCE,PG,Shift 1,Dr. M.ANTONY JESURAJA,Introduction to Banking and Financial Markets,25PCO2SL02
COMMERCE,UG,Shift 1,Dr. M.ANTONY JESURAJA,Forms of Business Organisation,25UCO24SL01
COMMERCE,UG,Shift 2,Dr.Berkmans J,Forms of Business Organisation,25UCO24SL01
COMMERCE,UG,Shift 2,Dr.Berkmans J,Forms of Business Organisation,25UCO24SL01
COMMERCE COMPUTER APPLICATIONS,PG,Shift 2,Dr. Arul,Marketing Research and Analysis,25PCC2SL02
COMMERCE COMPUTER APPLICATIONS,UG,Shift 2,Dr. Arumugam,Digital marketing in ai ,25UCC24SL01
COMPUTER SCIENCE,PG,Shift 1,Dr. A VIMAL JERALD,Introduction to Cyber Security,25PCA2SL02
COMPUTER SCIENCE,UG,Shift 1,Rev. Dr. Santiago SJ,Generative AI for Everyday Life,25UCS24SL01
COMPUTER SCIENCE,UG,Shift 2,Dr. S. Sathyapriya,Programming with C++,25UCS24SL01
COMPUTER SCIENCE,UG,Shift 2,Ms.Sherinedominick,Programming With C++,25UCS24SL01
COMPUTER SCIENCE,UG,Shift 2,Ms.I.Reshma Monica,Programming in C++,25UCS24SL01
COMPUTER SCIENCE,UG,Shift 2,Dr. R.Sakthiraman,Programming in C++,25UCS24SL01
COUNSELLING PSYCHOLOGY,PG,Shift 2,Ms. F. M. Christeeba,Guidance and Counselling ,25PCP2SL02
ECONOMICS,PG,Shift 1,Dr. S.P. Robert,Introduction to Economic Growth - I,25PEC2SL02
ECONOMICS,UG,Shift 1,Dr. K.A. Michael,Foreign Exchange Market,25UEC24SL01
ELECTRONICS,UG,Shift 2,Mr. V. Victorremy,Digital Electronics,25UEL24SL01
ENGLISH,PG,Shift 1,Dr. J.AMALA VEENUS,Effective Communication Skills for Personal and Professional Development,25PEN2SL02
ENGLISH,UG,Shift 2,Mr.I.Christhuraj,Understanding Shakespearean Drama: Tragedy and Comedy,25UEN24SL01
ENGLISH,UG,Shift 1,Dr. J. Amalaveenus,English Communication Skills,25UEN24SL01
HISTORY,UG,Shift 1,Mr. AMARNATH A,History of India - VI (C.1750-1857),25UHS24SL01
HUMAN RESOURCE MANAGEMENT,PG,Shift 1,Ms. C. Annie Jane,Guidance and Counselling,25PHR2SL02
HUMAN RESOURCE MANAGEMENT,PG,Shift 2,Ms. C. Annie Jane,Guidance and Counselling,25PHR2SL02
INFORMATION TECHNOLOGY,PG,Shift 2,Dr. P. Bastin Thiyagaraj,Big Data Computing (II MSC CS A),25PCS2SL02
INFORMATION TECHNOLOGY,PG,Shift 2,Dr. P. Bastin Thiyagaraj,Software conceptual design (II MSC CS B),25PCS2SL02
INFORMATION TECHNOLOGY,UG,Shift 2,Dr. C. VENISH RAJA,Software Conceptual Design,25UBC24SL01
INFORMATION TECHNOLOGY,UG,Shift 2,Dr. C. VENISH RAJA,Software Conceptual Design,25UBC24SL01
MATHEMATICS,PG,Shift 1,Geetha Sivaraman,Decision making under uncertainty,25PMA2SL02
MATHEMATICS,PG,Shift 2,Dr. A. Arul Xavier,Math Foundation,25PMA2SL02
MATHEMATICS,UG,Shift 1,Dr. S. ASEERVATHAM,Math Foundation,25UMA24SL01
MATHEMATICS,UG,Shift 2,Dr. J. Mercy Arokia Rani,Math Foundation,25UMA24SL01
"PHYSICAL EDUCATION, HEALTH EDUCATION & SPORTS",UG,Shift 2,Dr.P.Ramesh,sports and performance nutrition,25UPE24SL01
PHYSICS,PG,Shift 1,A Maggie Dayana,Concepts in Magnetism and Superconductivity,25PPH2SL02
PHYSICS,PG,Shift 2,Dr.A.Sinthiya,Energy Materials and Devices,25PPH2SL02
PHYSICS,UG,Shift 1,Dr. M.ANTONY AROCKIARAJ,Optical Sensors,25UPH24SL01
PHYSICS,UG,Shift 1,Dr.R.Thomas,Optical Sensors,25UPH24SL01
PHYSICS,UG,Shift 2,Dr.Augustin,Optical Sensors(Swayam),25UPH24SL01
STATISTICS,UG,Shift 1,Dr. A. Philip Arokiadoss,Introduction to probability and Statistics,25UST24SL01
TAMIL,PG,Shift 2,Dr. K. ANTHONY RAJA,Basic Course in Tamil,25PTA2SL02
TAMIL,UG,Shift 1,Dr. K. ANTHONY RAJA,Basic Course in Tamil,25UTA24SL01
VISCOM TECHNOLOGY,PG,Shift 1,Dr. S. Tamilarasi,Media Laws and Ethics,25PVC2SL02
VISCOM TECHNOLOGY,UG,Shift 2,Dr. Jeffrin Aldo J,Communication Skills,25UVC24SL01
