shortname,startdate,enddate
25UBU24SL01_Shift2_ANANDARAJB,2026-10-05 09:00:00,2026-10-05 09:45:00
25UBU24SL01_Shift2_SINDHUJAP,2026-10-05 09:00:00,2026-10-05 09:45:00
25UCS24SL01_Shift2_DrSSathyap,2026-10-05 10:30:00,2026-10-05 11:15:00
25UCS24SL01_Shift2_MsSherined,2026-10-05 11:15:00,2026-10-05 12:00:00
25UCS24SL01_Shift2_MsIReshmaM,2026-10-05 11:15:00,2026-10-05 12:00:00
25UCS24SL01_Shift2_DrRSakthir,2026-10-05 12:00:00,2026-10-05 12:45:00
25UBO24SL01_Shift1_DrJohnyKum,2026-10-05 13:30:00,2026-10-05 14:15:00
25UCH24SL01__DrArockiar,2026-10-05 13:30:00,2026-10-05 14:15:00
25UCH24SL01__DrMangalra,2026-10-05 14:15:00,2026-10-05 15:00:00
25PCO2SL02_Shift1_DrMANTONYJ,2026-10-05 14:15:00,2026-10-05 15:00:00
25UCO24SL01_Shift1_DrMANTONYJ,2026-10-05 14:15:00,2026-10-05 15:00:00
25UHS24SL01_Shift1_MrAMARNATH,2026-10-05 14:15:00,2026-10-05 15:00:00
25UTA24SL01_Shift1_DrKANTHONY,2026-10-05 15:00:00,2026-10-05 15:45:00
25PTA2SL02_Shift2_DrKANTHONY,2026-10-05 15:00:00,2026-10-05 15:45:00
25PBT2SL02_Shift2_DrCMuthusa,2026-10-05 15:45:00,2026-10-05 16:30:00
25UBT24SL01_Shift2_DrAgnesPre,2026-10-05 15:45:00,2026-10-05 16:30:00
25UPE24SL01_Shift2_DrPRamesh,2026-10-05 15:45:00,2026-10-05 16:30:00
25UCO24SL01_Shift2_DrBerkmans,2026-10-06 09:00:00,2026-10-06 09:45:00
25UBC24SL01_Shift2_DrCVENISHR,2026-10-06 10:30:00,2026-10-06 11:15:00
25PCP2SL02_Shift2_MsFMChrist,2026-10-06 12:00:00,2026-10-06 12:45:00
25UCS24SL01_Shift1_RevDrSanti,2026-10-06 13:30:00,2026-10-06 14:15:00
25PMA2SL02_Shift1_GeethaSiva,2026-10-06 14:15:00,2026-10-06 15:00:00
25UMA24SL01_Shift1_DrSASEERVA,2026-10-06 14:15:00,2026-10-06 15:00:00
25UMA24SL01_Shift2_DrJMercyAr,2026-10-06 14:15:00,2026-10-06 15:00:00
25UPH24SL01_Shift1_DrMANTONYA,2026-10-06 15:00:00,2026-10-06 15:45:00
25UPH24SL01_Shift1_DrRThomas,2026-10-06 15:00:00,2026-10-06 15:45:00
25UPH24SL01_Shift2_DrAugustin,2026-10-06 15:45:00,2026-10-06 16:30:00
25PPH2SL02_Shift2_DrASinthiy,2026-10-06 15:45:00,2026-10-06 16:30:00
25UCR24SL01_Shift2_DrVSagayaP,2026-10-06 15:45:00,2026-10-06 16:30:00
25UCC24SL01_Shift2_DrArumugam,2026-10-07 09:00:00,2026-10-07 09:45:00
25PCC2SL02_Shift2_DrArul,2026-10-07 11:15:00,2026-10-07 12:00:00
25UEN24SL01_Shift2_MrIChristh,2026-10-07 11:15:00,2026-10-07 12:00:00
25UCR24SL01_Shift2_GPrabhakar,2026-10-07 12:00:00,2026-10-07 12:45:00
25PHR2SL02_Shift2_MsCAnnieJa,2026-10-07 12:00:00,2026-10-07 12:45:00
25PEC2SL02_Shift1_DrSPRobert,2026-10-07 13:30:00,2026-10-07 14:15:00
25UEC24SL01_Shift1_DrKAMichae,2026-10-07 13:30:00,2026-10-07 14:15:00
25PEN2SL02_Shift1_DrJAMALAVE,2026-10-07 14:15:00,2026-10-07 15:00:00
25UEN24SL01_Shift1_DrJAmalave,2026-10-07 14:15:00,2026-10-07 15:00:00
25PVC2SL02_Shift1_DrSTamilar,2026-10-07 14:15:00,2026-10-07 15:00:00
25PBI2SL02_Shift2_DrPGGEEGI,2026-10-07 14:15:00,2026-10-07 15:00:00
25PPH2SL02_Shift1_AMaggieDay,2026-10-07 14:15:00,2026-10-07 15:00:00
25UST24SL01_Shift1_DrAPhilipA,2026-10-07 15:00:00,2026-10-07 15:45:00
25PCA2SL02_Shift1_DrAVIMALJE,2026-10-07 15:00:00,2026-10-07 15:45:00
25PAI2SL02_Shift2_CMOHANRAJA,2026-10-07 15:00:00,2026-10-07 15:45:00
25UAI24SL01_Shift2_DrSLAKSHMA,2026-10-07 15:45:00,2026-10-07 16:30:00
25UVC24SL01_Shift2_DrJeffrinA,2026-10-08 09:45:00,2026-10-08 10:30:00
25UCB24SL01_Shift2_Santhosh,2026-10-08 10:30:00,2026-10-08 11:15:00
25PCS2SL02_Shift2_DrPBastinT,2026-10-08 10:30:00,2026-10-08 11:15:00
25PMA2SL02_Shift2_DrAArulXav,2026-10-08 11:15:00,2026-10-08 12:00:00
25UEL24SL01_Shift2_MrVVictorr,2026-10-08 12:00:00,2026-10-08 12:45:00
25PCH2SL02_Shift2_DrPArockia,2026-10-08 12:00:00,2026-10-08 12:45:00
25PDS2SL02__DrBeatrice,2026-10-08 12:00:00,2026-10-08 12:45:00
25PCH2SL02_Shift1_DrCerilJeo,2026-10-08 12:00:00,2026-10-08 12:45:00
