fullname,shortname,category,templatecourse
Research Writing (Shift 2 - C.MOHANRAJA),25PAI2SL02_Shift2_CMOHANRAJA,959,SL_TEMPLATE
Python for Data Science (Shift 2 - Dr. S. LAKSHMANAN),25UAI24SL01_Shift2_DrSLAKSHMA,959,SL_TEMPLATE
Applied Digital Entrepreneurship  (Shift 2 - Santhosh ),25UCB24SL01_Shift2_Santhosh,959,SL_TEMPLATE
Digital Marketing in the AI Era-Part 1 (Shift 2 - G Prabhakaran),25UCR24SL01_Shift2_GPrabhakar,959,SL_TEMPLATE
Digital Marketing in the AI Era-Part 1 (Shift 2 - Dr. V. Sagaya Pricilla),25UCR24SL01_Shift2_DrVSagayaP,959,SL_TEMPLATE
Fundamentals of plant pathology (Shift 2 - Dr P G GEEGI),25PBI2SL02_Shift2_DrPGGEEGI,959,SL_TEMPLATE
ANIMAL WASTE MANAGEMENT (Shift 2 - Dr Agnes Preethy H),25UBT24SL01_Shift2_DrAgnesPre,959,SL_TEMPLATE
Bioreactors (Shift 2 - Dr.C.Muthusamy),25PBT2SL02_Shift2_DrCMuthusa,959,SL_TEMPLATE
ANATOMY OF FLOWERING PLANTS (Shift 1 - Dr. Johny Kumar Tagore A),25UBO24SL01_Shift1_DrJohnyKum,959,SL_TEMPLATE
Entrepreneurship Skills and Digital Marketing Strategies (Shift 2 - ANANDA RAJ B ),25UBU24SL01_Shift2_ANANDARAJB,959,SL_TEMPLATE
Entrepreneurship Skills and Digital Marketing Strategies (Shift 2 - SINDHUJA P),25UBU24SL01_Shift2_SINDHUJAP,959,SL_TEMPLATE
II UG - Nanotechnology (Shift 1 - II UG Dr Arun Viveke A Dr Arockiaraj I Dr Mangalraj Dr Leo Standly),25UCH24SL01_Shift1_IIUGDrArun,959,SL_TEMPLATE
Nanotechnology (Shift 1 - Dr Ceril Jeoffrey A),25PCH2SL02_Shift1_DrCerilJeo,959,SL_TEMPLATE
Nano Materials-synthesis properties and applications (Shift 2 - Dr.P.Arockia Doss),25PCH2SL02_Shift2_DrPArockia,959,SL_TEMPLATE
Forms of Business Organisation  (Shift 1 - Dr. M.ANTONY JESURAJA),25UCO24SL01_Shift1_DrMANTONYJ,959,SL_TEMPLATE
Introduction to Banking and Financial Markets (Shift 1 - Dr. M.ANTONY JESURAJA),25PCO2SL02_Shift1_DrMANTONYJ,959,SL_TEMPLATE
Forms of Business Organisation  (Shift 2 - Dr.Berkmans J),25UCO24SL01_Shift2_DrBerkmans,959,SL_TEMPLATE
Digital marketing in ai  (Shift 2 - Dr. Arumugam),25UCC24SL01_Shift2_DrArumugam,959,SL_TEMPLATE
Marketing Research and Analysis (Shift 2 - Dr. Arul),25PCC2SL02_Shift2_DrArul,959,SL_TEMPLATE
Generative AI for Everyday Life (Shift 1 - Rev. Dr. Santiago SJ),25UCS24SL01_Shift1_RevDrSanti,959,SL_TEMPLATE
Introduction to Cyber Security (Shift 1 - Dr. A VIMAL JERALD ),25PCA2SL02_Shift1_DrAVIMALJE,959,SL_TEMPLATE
Programming with C++ (Shift 2 - Dr. S. Sathyapriya),25UCS24SL01_Shift2_DrSSathyap,959,SL_TEMPLATE
Programming With C++ (Shift 2 - Ms.Sherinedominick),25UCS24SL01_Shift2_MsSherined,959,SL_TEMPLATE
Programming in C++ (Shift 2 - Ms.I.Reshma Monica),25UCS24SL01_Shift2_MsIReshmaM,959,SL_TEMPLATE
Programming in C++ (Shift 2 - Dr. R.Sakthiraman),25UCS24SL01_Shift2_DrRSakthir,959,SL_TEMPLATE
Guidance and Counselling  (Shift 2 - Ms. F. M. Christeeba ),25PCP2SL02_Shift2_MsFMChrist,959,SL_TEMPLATE
Foreign Exchange Market (Shift 1 - Dr. K.A. Michael),25UEC24SL01_Shift1_DrKAMichae,959,SL_TEMPLATE
Introduction to Economic Growth - I (Shift 1 - Dr. S.P. Robert),25PEC2SL02_Shift1_DrSPRobert,959,SL_TEMPLATE
Digital Electronics (Shift 2 - Mr. V. Victorremy),25UEL24SL01_Shift2_MrVVictorr,959,SL_TEMPLATE
Understanding Shakespearean Drama: Tragedy and Comedy (Shift 2 - Mr.I.Christhuraj),25UEN24SL01_Shift2_MrIChristh,959,SL_TEMPLATE
English Communication Skills (Shift 1 - Dr. J. Amalaveenus ),25UEN24SL01_Shift1_DrJAmalave,959,SL_TEMPLATE
English Communication Skills (Shift 1 - Dr. J.AMALA VEENUS),25PEN2SL02_Shift1_DrJAMALAVE,959,SL_TEMPLATE
History of India - VI (C.1750-1857) (Shift 1 - Mr. AMARNATH A),25UHS24SL01_Shift1_MrAMARNATH,959,SL_TEMPLATE
Guidance and Counselling (Shift 1 - Ms. C. Annie Jane),25PHR2SL02_Shift1_MsCAnnieJa,959,SL_TEMPLATE
Guidance and Counselling (Shift 2 - Ms. C. Annie Jane),25PHR2SL02_Shift2_MsCAnnieJa,959,SL_TEMPLATE
Software Conceptual Design (Shift 2 - Dr. C. VENISH RAJA),25UBC24SL01_Shift2_DrCVENISHR,959,SL_TEMPLATE
Big Data Computing (II MSC CS A) (Shift 2 - Dr. P. Bastin Thiyagaraj),25PCS2SL02_Shift2_DrPBastinT,959,SL_TEMPLATE
Decision making under uncertainty (Shift 1 - Geetha Sivaraman),25PMA2SL02_Shift1_GeethaSiva,959,SL_TEMPLATE
Math Foundation (Shift 1 - Dr. S. ASEERVATHAM),25UMA24SL01_Shift1_DrSASEERVA,959,SL_TEMPLATE
Math Foundation (Shift 2 - Dr. J. Mercy Arokia Rani),25UMA24SL01_Shift2_DrJMercyAr,959,SL_TEMPLATE
Math Foundation (Shift 2 - Dr. A. Arul Xavier),25PMA2SL02_Shift2_DrAArulXav,959,SL_TEMPLATE
sports and performance nutrition (Shift 2 - Dr.P.Ramesh ),25UPE24SL01_Shift2_DrPRamesh,959,SL_TEMPLATE
Concepts in Magnetism and Superconductivity (Shift 1 - A Maggie Dayana),25PPH2SL02_Shift1_AMaggieDay,959,SL_TEMPLATE
Optical Sensors (Shift 1 - Dr. M.ANTONY AROCKIARAJ),25UPH24SL01_Shift1_DrMANTONYA,959,SL_TEMPLATE
Optical Sensors (Shift 1 - Dr.R.Thomas),25UPH24SL01_Shift1_DrRThomas,959,SL_TEMPLATE
Optical Sensors(Swayam) (Shift 2 - Dr.Augustin ),25UPH24SL01_Shift2_DrAugustin,959,SL_TEMPLATE
Energy Materials and Devices (Shift 2 - Dr.A.Sinthiya),25PPH2SL02_Shift2_DrASinthiy,959,SL_TEMPLATE
Introduction to probability and Statistics (Shift 1 - Dr. A. Philip Arokiadoss),25UST24SL01_Shift1_DrAPhilipA,959,SL_TEMPLATE
Basic Course in Tamil (Shift 1 - Dr. K. ANTHONY RAJA),25UTA24SL01_Shift1_DrKANTHONY,959,SL_TEMPLATE
Basic Course in Tamil (Shift 1 - Dr. K. ANTHONY RAJA),25PTA2SL02_Shift1_DrKANTHONY,959,SL_TEMPLATE
Basic Course in Tamil (Shift 2 - Dr. K. ANTHONY RAJA),25PTA2SL02_Shift2_DrKANTHONY,959,SL_TEMPLATE
Communication Skills (Shift 2 - Dr. Jeffrin Aldo J),25UVC24SL01_Shift2_DrJeffrinA,959,SL_TEMPLATE
Media Laws and Ethics (Shift 1 - Dr. S. Tamilarasi),25PVC2SL02_Shift1_DrSTamilar,959,SL_TEMPLATE
