shortname,fullname,category,templatecourse
23UEN53SP01_15102026,23UEN53SP01 - Self-paced Learning: Short Stories and One Act Plays,962,Template_SL_End
24UAI53SP01_15102026,24UAI53SP01 - Self-paced Learning: Web Ethics,962,Template_SL_End
23UBC53SP01_15102026,23UBC53SP01 - Self-Paced Learning: Cloud Computing,962,Template_SL_End
23UBO53SP01_15102026,23UBO53SP01 - Self-paced Learning: Economic Botany,962,Template_SL_End
23UBU53SP01A_15102026,23UBU53SP01A - Self-paced Learning: Advertising and sales Promotion,962,Template_SL_End
23UBU53SP01B_15102026,23UBU53SP01B - Self-paced Learning: Customer Relationship Management,962,Template_SL_End
24UCB53SP01_15102026,24UCB53SP01 - Self-paced Learning: Innovation Management,962,Template_SL_End
23UCC53SP01A_15102026,23UCC53SP01A - Self-paced Learning: Event Management,962,Template_SL_End
23UCC53SP01B_15102026,23UCC53SP01B - Self-paced Learning: Information Security,962,Template_SL_End
23UCH53SP01_15102026,23UCH53SP01 - Self-paced Learning: Essentials of Chemistry,962,Template_SL_End
23UCO53SP01A_15102026,23UCO53SP01A - Self-paced Learning: Social Networking Services,962,Template_SL_End
23UCS53SP01_15102026,23UCS53SP01 - Self-paced Learning:  Web Ethics,962,Template_SL_End
23UEC53SP01_15102026,23UEC53SP01 - Self-paced Learning: Principles of Political Economy,962,Template_SL_End
23UEL53SP01B_15102026,23UEL53SP01B - Self-paced Learning: PCB Design and Fabrication,962,Template_SL_End
23UHS53SP01_15102026,23UHS53SP01 - Self-paced Learning: Dravidian Movements in Tamil Nadu,962,Template_SL_End
23UMA53SP01_15102026,23UMA53SP01 - Self-paced Learning: History of Mathematics,962,Template_SL_End
23UPH53SP01_15102026,23UPH53SP01 - Self-paced Learning: Astronomy,962,Template_SL_End
23UST53SP01_15102026,23UST53SP01 - Self-paced Learning: Introduction to Data Mining,962,Template_SL_End
23UTA53SP01_15102026,23UTA53SP01 - Self-paced Learning: Modern Literature,962,Template_SL_End
23UVC53SP01_15102026,23UVC53SP01 - Self-paced Learning: Jingle Production,962,Template_SL_End
25PAI3SL03_15102026,25PAI3SL03 - Self - Learning: R Programming,962,Template_SL_End
25PBI3SL03_15102026,25PBI3SL03 - Self - Learning: Advanced Nutrition,962,Template_SL_End
25PBO3SL03_15102026,25PBO3SL03 - Self - Learning: Evolutionary Adaptations and Plant Breeding,962,Template_SL_End
25PBT3SL03_15102026,25PBT3SL03 - Self - Learning: Fundamentals of Genetics,962,Template_SL_End
25PCA3SL03_15102026,25PCA3SL03 - Self - Learning: Organizational Behaviour,962,Template_SL_End
25PCC3SL03_15102026,25PCC3SL03 - Self - Learning: Cloud Computing,962,Template_SL_End
25PCH3SL03_15102026,25PCH3SL03 - Self - Learning: Selected Topics in Chemistry,962,Template_SL_End
25PCO3SL03_15102026,25PCO3SL03 - Self - Learning: E-Commerce,962,Template_SL_End
25PCP3SL03_15102026,25PCP3SL03 - Self - Learning: Psychological Wellbeing,962,Template_SL_End
25PCS3SL03_15102026,25PCS3SL03 - Self - Learning: Social Media Techniques,962,Template_SL_End
25PDS3SL03_15102026,25PDS3SL03 - Self - Learning: MEAN Stack,962,Template_SL_End
25PEC3SL03_15102026,25PEC3SL03 - Self - Learning,962,Template_SL_End
25PEL3SL03A_15102026,25PEL3SL03A - Self - Learning: Programmable Logic Controller,962,Template_SL_End
25PEN3SL03_15102026,25PEN3SL03 - Self - Learning: Children’s Literature,962,Template_SL_End
25PHR3SL03_15102026,25PHR3SL03 - Self - Learning: Talent Management,962,Template_SL_End
25PHS3SL03_15102026,25PHS3SL03 - Self - Learning,962,Template_SL_End
25PMA3SL03_15102026,25PMA3SL03 - Self - Learning: History of Mathematics,962,Template_SL_End
25PPH3SL03A_15102026,25PPH3SL03A - Self - Learning: Medical Physics,962,Template_SL_End
25PTA3SL03_15102026,25PTA3SL03 - Self - Learning: Prose literature,962,Template_SL_End
25PVC3SL03_15102026,25PVC3SL03 - Self - Learning: Anchoring for media practice,962,Template_SL_End
25PGC1SL01_15102026,25PGC1SL01 - Self - Learning: Global Citizenship Education,962,Template_SL_End
