Course_Shortname,Course_Code,Exam_Date,Exam_Time_Slot,Quiz_Start,Quiz_End
23UBC53SP01_15102026,23UBC53SP01,15-Oct-26,10:40 AM to 11:10 AM,15-10-2026 10:40,15-10-2026 11:10
23UBO53SP01_15102026,23UBO53SP01,15-Oct-26,11:50 AM to 12:20 PM,15-10-2026 11:50,15-10-2026 12:20
23UBU53SP01A_15102026,23UBU53SP01A,16-Oct-26,9:30 AM to 10:00 AM,16-10-2026 09:30,16-10-2026 10:00
23UBU53SP01B_15102026,23UBU53SP01B,16-Oct-26,9:30 AM to 10:00 AM,16-10-2026 09:30,16-10-2026 10:00
23UCC53SP01A_15102026,23UCC53SP01A,15-Oct-26,10:40 AM to 11:10 AM,15-10-2026 10:40,15-10-2026 11:10
23UCC53SP01B_15102026,23UCC53SP01B,15-Oct-26,10:40 AM to 11:10 AM,15-10-2026 10:40,15-10-2026 11:10
23UCH53SP01_15102026,23UCH53SP01,15-Oct-26,11:15 AM to 11:45 AM,15-10-2026 11:15,15-10-2026 11:45
23UCO53SP01A_15102026,23UCO53SP01A,15-Oct-26,9:30 AM to 10:00 AM,15-10-2026 09:30,15-10-2026 10:00
23UCS53SP01_15102026,23UCS53SP01,15-Oct-26,9:30 AM to 10:00 AM,15-10-2026 09:30,15-10-2026 10:00
23UEC53SP01_15102026,23UEC53SP01,15-Oct-26,11:15 AM to 11:45 AM,15-10-2026 11:15,15-10-2026 11:45
23UEL53SP01B_15102026,23UEL53SP01B,15-Oct-26,11:50 AM to 12:20 PM,15-10-2026 11:50,15-10-2026 12:20
23UEN53SP01_15102026,23UEN53SP01,15-Oct-26,10:40 AM to 11:10 AM,15-10-2026 10:40,15-10-2026 11:10
23UHS53SP01_15102026,23UHS53SP01,15-Oct-26,11:15 AM to 11:45 AM,15-10-2026 11:15,15-10-2026 11:45
23UMA53SP01_15102026,23UMA53SP01,15-Oct-26,11:15 AM to 11:45 AM,15-10-2026 11:15,15-10-2026 11:45
23UPH53SP01_15102026,23UPH53SP01,15-Oct-26,10:40 AM to 11:10 AM,15-10-2026 10:40,15-10-2026 11:10
23UST53SP01_15102026,23UST53SP01,15-Oct-26,11:50 AM to 12:20 PM,15-10-2026 11:50,15-10-2026 12:20
23UTA53SP01_15102026,23UTA53SP01,15-Oct-26,11:50 AM to 12:20 PM,15-10-2026 11:50,15-10-2026 12:20
23UVC53SP01_15102026,23UVC53SP01,15-Oct-26,11:50 AM to 12:20 PM,15-10-2026 11:50,15-10-2026 12:20
24UAI53SP01_15102026,24UAI53SP01,15-Oct-26,11:15 AM to 11:45 AM,15-10-2026 11:15,15-10-2026 11:45
24UCB53SP01_15102026,24UCB53SP01,16-Oct-26,11:15 AM to 11:45 AM,16-10-2026 11:15,16-10-2026 11:45
25PAI3SL03_15102026,25PAI3SL03,16-Oct-26,12:25 PM to 12:55 PM,16-10-2026 12:25,16-10-2026 12:55
25PBI3SL03_15102026,25PBI3SL03,16-Oct-26,2:00 PM to 2:30 PM,16-10-2026 14:00,16-10-2026 14:30
25PBO3SL03_15102026,25PBO3SL03,16-Oct-26,12:25 PM to 12:55 PM,16-10-2026 12:25,16-10-2026 12:55
25PBT3SL03_15102026,25PBT3SL03,16-Oct-26,12:25 PM to 12:55 PM,16-10-2026 12:25,16-10-2026 12:55
25PCA3SL03_15102026,25PCA3SL03,16-Oct-26,10:05 AM to 10:35 AM,16-10-2026 10:05,16-10-2026 10:35
25PCC3SL03_15102026,25PCC3SL03,16-Oct-26,11:15 AM to 11:45 AM,16-10-2026 11:15,16-10-2026 11:45
25PCH3SL03_15102026,25PCH3SL03,16-Oct-26,10:40 AM to 11:10 AM,16-10-2026 10:40,16-10-2026 11:10
25PCO3SL03_15102026,25PCO3SL03,16-Oct-26,11:15 AM to 11:45 AM,16-10-2026 11:15,16-10-2026 11:45
25PCP3SL03_15102026,25PCP3SL03,16-Oct-26,11:50 AM to 12:20 PM,16-10-2026 11:50,16-10-2026 12:20
25PCS3SL03_15102026,25PCS3SL03,16-Oct-26,9:30 AM to 10:00 AM,16-10-2026 09:30,16-10-2026 10:00
25PDS3SL03_15102026,25PDS3SL03,16-Oct-26,10:40 AM to 11:10 AM,16-10-2026 10:40,16-10-2026 11:10
25PEC3SL03_15102026,25PEC3SL03,16-Oct-26,2:00 PM to 2:30 PM,16-10-2026 14:00,16-10-2026 14:30
25PEL3SL03A_15102026,25PEL3SL03A,15-Oct-26,11:50 AM to 12:20 PM,15-10-2026 11:50,15-10-2026 12:20
25PEN3SL03_15102026,25PEN3SL03,16-Oct-26,10:40 AM to 11:10 AM,16-10-2026 10:40,16-10-2026 11:10
25PHR3SL03_15102026,25PHR3SL03,16-Oct-26,10:05 AM to 10:35 AM,16-10-2026 10:05,16-10-2026 10:35
25PHS3SL03_15102026,25PHS3SL03,16-Oct-26,2:00 PM to 2:30 PM,16-10-2026 14:00,16-10-2026 14:30
25PMA3SL03_15102026,25PMA3SL03,16-Oct-26,11:15 AM to 11:45 AM,16-10-2026 11:15,16-10-2026 11:45
25PPH3SL03A_15102026,25PPH3SL03A,16-Oct-26,11:50 AM to 12:20 PM,16-10-2026 11:50,16-10-2026 12:20
25PTA3SL03_15102026,25PTA3SL03,16-Oct-26,12:25 PM to 12:55 PM,16-10-2026 12:25,16-10-2026 12:55
25PVC3SL03_15102026,25PVC3SL03,16-Oct-26,12:25 PM to 12:55 PM,16-10-2026 12:25,16-10-2026 12:55
