coursecode,date,time,count
23UBC53SP01,15 Oct 2026,10:05 AM to 10:35 AM,30
23UBC53SP01,15 Oct 2026,10:40 AM to 11:10 AM,82
23UBO53SP01,15 Oct 2026,11:50 AM to 12:20 PM,37
23UBU53SP01A,16 Oct 2026,10:05 AM to 10:35 AM,15
23UBU53SP01A,16 Oct 2026,9:30 AM to 10:00 AM,38
23UBU53SP01B,16 Oct 2026,10:05 AM to 10:35 AM,19
23UBU53SP01B,16 Oct 2026,9:30 AM to 10:00 AM,36
23UCC53SP01A,15 Oct 2026,10:05 AM to 10:35 AM,13
23UCC53SP01A,15 Oct 2026,10:40 AM to 11:10 AM,47
23UCC53SP01B,15 Oct 2026,10:05 AM to 10:35 AM,17
23UCC53SP01B,15 Oct 2026,10:40 AM to 11:10 AM,40
23UCH53SP01,15 Oct 2026,11:15 AM to 11:45 AM,71
23UCO53SP01A,15 Oct 2026,10:05 AM to 10:35 AM,129
23UCO53SP01A,15 Oct 2026,9:30 AM to 10:00 AM,166
23UCS53SP01,15 Oct 2026,10:05 AM to 10:35 AM,113
23UCS53SP01,15 Oct 2026,9:30 AM to 10:00 AM,166
23UEC53SP01,15 Oct 2026,11:15 AM to 11:45 AM,54
23UEL53SP01B,15 Oct 2026,11:50 AM to 12:20 PM,25
23UEN53SP01,15 Oct 2026,10:40 AM to 11:10 AM,88
23UHS53SP01,15 Oct 2026,11:15 AM to 11:45 AM,55
23UMA53SP01,15 Oct 2026,11:15 AM to 11:45 AM,71
23UPH53SP01,15 Oct 2026,10:40 AM to 11:10 AM,72
23UPH53SP01,15 Oct 2026,11:15 AM to 11:45 AM,7
23UST53SP01,15 Oct 2026,11:50 AM to 12:20 PM,50
23UTA53SP01,15 Oct 2026,11:50 AM to 12:20 PM,50
23UVC53SP01,15 Oct 2026,11:50 AM to 12:20 PM,35
24UAI53SP01,15 Oct 2026,11:15 AM to 11:45 AM,55
24UCB53SP01,16 Oct 2026,11:15 AM to 11:45 AM,38
25PAI3SL03,16 Oct 2026,12:25 PM to 12:55 PM,18
25PBI3SL03,16 Oct 2026,2:00 PM to 2:30 PM,10
25PBO3SL03,16 Oct 2026,12:25 PM to 12:55 PM,16
25PBT3SL03,16 Oct 2026,12:25 PM to 12:55 PM,28
25PCA3SL03,16 Oct 2026,10:05 AM to 10:35 AM,43
25PCA3SL03,16 Oct 2026,10:40 AM to 11:10 AM,13
25PCC3SL03,16 Oct 2026,11:15 AM to 11:45 AM,25
25PCC3SL03,16 Oct 2026,11:50 AM to 12:20 PM,9
25PCH3SL03,16 Oct 2026,10:40 AM to 11:10 AM,56
25PCO3SL03,16 Oct 2026,11:15 AM to 11:45 AM,25
25PCO3SL03,16 Oct 2026,11:50 AM to 12:20 PM,10
25PCP3SL03,16 Oct 2026,11:50 AM to 12:20 PM,32
25PCS3SL03,16 Oct 2026,10:05 AM to 10:35 AM,11
25PCS3SL03,16 Oct 2026,9:30 AM to 10:00 AM,75
25PDS3SL03,16 Oct 2026,10:40 AM to 11:10 AM,51
25PEC3SL03,16 Oct 2026,2:00 PM to 2:30 PM,9
25PEL3SL03A,15 Oct 2026,11:50 AM to 12:20 PM,18
25PEN3SL03,16 Oct 2026,10:40 AM to 11:10 AM,33
25PEN3SL03,16 Oct 2026,11:15 AM to 11:45 AM,16
25PHR3SL03,16 Oct 2026,10:05 AM to 10:35 AM,64
25PHS3SL03,16 Oct 2026,2:00 PM to 2:30 PM,13
25PMA3SL03,16 Oct 2026,11:15 AM to 11:45 AM,42
25PPH3SL03A,16 Oct 2026,11:50 AM to 12:20 PM,33
25PTA3SL03,16 Oct 2026,12:25 PM to 12:55 PM,20
25PVC3SL03,16 Oct 2026,12:25 PM to 12:55 PM,16
UNKNOWN,15 Oct 2026,10:40 AM to 11:10 AM,1
UNKNOWN,16 Oct 2026,9:30 AM to 10:00 AM,2
